id,nom,prenom,age,ville,gmail
1,Dupont,Jean,25,Paris,jean.dupont@gmail.com
2,Martin,Marie,17,Lyon,marie.martin@gmail.com
3,Bernard,Pierre,32,Marseille,pierre.bernard@gmail.com
4,Petit,Sophie,22,Lille,sophie.petit@gmail.com
5,Moreau,Thomas,45,Bordeaux,thomas.moreau@gmail.com
6,Laurent,Julie,29,Nantes,julie.laurent@gmail.com
7,Simon,Luc,16,Strasbourg,luc.simon@gmail.com
8,Michel,Alice,35,Toulouse,alice.michel@gmail.com
9,Garcia,Robert,27,Montpellier,robert.garcia@gmail.com
10,David,Claire,41,Rennes,claire.david@gmail.com